Name,Core Count,Performance Core Clock,Performance Core Boost Clock,TDP,Integrated Graphics,SMT,Rating,Price
AMD Ryzen 7 7800X3D,8,4.2 GHz,5 GHz,120 W,Radeon,Yes,-286,$344.99 
AMD Ryzen 5 7600X,6,4.7 GHz,5.3 GHz,105 W,Radeon,Yes,-137,$204.67 
AMD Ryzen 5 5600X,6,3.7 GHz,4.6 GHz,65 W,None,Yes,-628,$144.30 
AMD Ryzen 5 7600,6,3.8 GHz,5.1 GHz,65 W,Radeon,Yes,-92,$188.99 
Intel Core i9-14900K,24,3.2 GHz,6 GHz,125 W,Intel UHD Graphics 770,Yes,-22,$547.11 
Intel Core i7-14700K,20,3.4 GHz,5.6 GHz,125 W,Intel UHD Graphics 770,Yes,-23,$399.99 
Intel Core i5-12400F,6,2.5 GHz,4.4 GHz,65 W,None,Yes,-74,$127.77 
AMD Ryzen 5 3600,6,3.6 GHz,4.2 GHz,65 W,None,Yes,-1156,$89.99 
AMD Ryzen 7 7700X,8,4.5 GHz,5.4 GHz,105 W,Radeon,Yes,-103,$285.66 
AMD Ryzen 9 7950X3D,16,4.2 GHz,5.7 GHz,120 W,Radeon,Yes,-32,$557.21 
AMD Ryzen 5 5600,6,3.5 GHz,4.4 GHz,65 W,None,Yes,-136,$136.89 
AMD Ryzen 7 5800X,8,3.8 GHz,4.7 GHz,105 W,None,Yes,-326,$202.00 
Intel Core i5-12600KF,10,3.7 GHz,4.9 GHz,125 W,None,Yes,-55,$159.13 
AMD Ryzen 5 5500,6,3.6 GHz,4.2 GHz,65 W,None,Yes,-42,$87.71 
Intel Core i7-12700K,12,3.6 GHz,5 GHz,125 W,Intel UHD Graphics 770,Yes,-133,$240.38 
AMD Ryzen 7 5700X,8,3.4 GHz,4.6 GHz,65 W,None,Yes,-88,$168.00 
Intel Core i7-13700K,16,3.4 GHz,5.4 GHz,125 W,Intel UHD Graphics 770,Yes,-119,$344.98 
Intel Core i5-12600K,10,3.7 GHz,4.9 GHz,125 W,Intel UHD Graphics 770,Yes,-143,$175.28 
AMD Ryzen 7 5800X3D,8,3.4 GHz,4.5 GHz,105 W,None,Yes,-102,$298.32 
AMD Ryzen 9 7900X,12,4.7 GHz,5.6 GHz,170 W,Radeon,Yes,-67,$386.98 
Intel Core i7-12700KF,12,3.6 GHz,5 GHz,125 W,None,Yes,-39,$212.12 
Intel Core i9-14900KS,24,3.2 GHz,6.2 GHz,150 W,Intel UHD Graphics 770,Yes,-1,$653.99 
AMD Ryzen 9 5900X,12,3.7 GHz,4.8 GHz,105 W,None,Yes,-224,$277.98 
AMD Ryzen 5 5600G,6,3.9 GHz,4.4 GHz,65 W,Radeon Vega 7,Yes,-135,$138.99 
Intel Core i5-13600K,14,3.5 GHz,5.1 GHz,125 W,Intel UHD Graphics 770,Yes,-101,$274.98 
Intel Core i3-12100F,4,3.3 GHz,4.3 GHz,58 W,None,Yes,-46,$94.98 
Intel Core i5-13600KF,14,3.5 GHz,5.1 GHz,125 W,None,Yes,-52,$249.98 
AMD Ryzen 9 7900X3D,12,4.4 GHz,5.6 GHz,120 W,Radeon,Yes,-11,$405.59 
AMD Threadripper 3990X,64,2.9 GHz,4.3 GHz,280 W,None,Yes,-1,"$4,255.00 "
Intel Core i7-14700KF,20,3.4 GHz,5.6 GHz,125 W,None,Yes,-5,$375.74 
Intel Core i9-13900K,24,3 GHz,5.8 GHz,125 W,Intel UHD Graphics 770,Yes,-62,$488.62 
AMD Ryzen 7 7700,8,3.6 GHz,5.3 GHz,65 W,Radeon,Yes,-20,$276.95 
Intel Core i5-13400F,10,2.5 GHz,4.6 GHz,65 W,None,Yes,-15,$186.99 
AMD Ryzen 9 7950X,16,4.5 GHz,5.7 GHz,170 W,Radeon,Yes,-34,$471.68 
Intel Core i9-12900K,16,3.2 GHz,5.2 GHz,125 W,Intel UHD Graphics 770,Yes,-54,$329.95 
AMD Ryzen 5 4500,6,3.6 GHz,4.1 GHz,65 W,None,Yes,-12,$74.00 
Intel Core i5-14600K,14,3.5 GHz,5.3 GHz,125 W,Intel UHD Graphics 770,Yes,-6,$296.85 
AMD Ryzen 7 3700X,8,3.6 GHz,4.4 GHz,65 W,None,Yes,-633,$200.00 
Intel Core i7-13700KF,16,3.4 GHz,5.4 GHz,125 W,None,Yes,-21,$339.99 
AMD Ryzen 7 5700X3D,8,3 GHz,4.1 GHz,105 W,None,Yes,-3,$204.98 
AMD Ryzen 7 5700G,8,3.8 GHz,4.6 GHz,65 W,Radeon Vega 8,Yes,-46,$171.73 
Intel Core i9-14900KF,24,3.2 GHz,6 GHz,125 W,None,Yes,-4,$501.77 
AMD Ryzen 9 5950X,16,3.4 GHz,4.9 GHz,105 W,None,Yes,-103,$359.95 
Intel Core i5-14600KF,14,3.5 GHz,5.3 GHz,125 W,None,Yes,-3,$293.99 
AMD Ryzen 5 8500G,6,4.1 GHz,5 GHz,65 W,Radeon 740M,Yes,0,$179.00 
AMD Ryzen 5 4600G,6,3.7 GHz,4.2 GHz,65 W,Radeon Vega 7,Yes,-8,$91.00 
Intel Core i5-10400F,6,2.9 GHz,4.3 GHz,65 W,None,Yes,-57,$97.92 
AMD Ryzen 3 4100,4,3.8 GHz,4 GHz,65 W,None,Yes,-4,$68.97 
Intel Core i5-14400F,10,2.5 GHz,4.7 GHz,65 W,None,Yes,0,$199.98 
AMD Ryzen 9 7900,12,3.6 GHz,5.4 GHz,65 W,Radeon,Yes,-11,$369.00 
AMD Ryzen 7 8700G,8,4.2 GHz,5.1 GHz,65 W,Radeon 780M,Yes,-2,$309.99 
Intel Core i5-14500,14,2.6 GHz,5 GHz,65 W,Intel UHD Graphics 770,Yes,-1,$239.98 
AMD Ryzen 5 2600,6,3.4 GHz,3.9 GHz,65 W,None,Yes,-497,$144.94 
Intel Core i5-12400,6,2.5 GHz,4.4 GHz,65 W,Intel UHD Graphics 730,Yes,-29,$155.66 
Intel Core i7-9700K,8,3.6 GHz,4.9 GHz,95 W,Intel UHD Graphics 630,No,-224,$245.00 
AMD Ryzen 3 3200G,4,3.6 GHz,4 GHz,65 W,Radeon Vega 8,No,-64,$82.07 
Intel Core i7-8700K,6,3.7 GHz,4.7 GHz,95 W,Intel UHD Graphics 630,Yes,-303,$184.00 
AMD Ryzen 5 8600G,6,4.3 GHz,5 GHz,65 W,Radeon 760M,Yes,-2,$228.99 
Intel Core i9-13900KF,24,3 GHz,5.8 GHz,125 W,None,Yes,-14,$488.83 
AMD Threadripper 3970X,32,3.7 GHz,4.5 GHz,280 W,None,Yes,-8,"$1,675.00 "
Intel Core i3-10100F,4,3.6 GHz,4.3 GHz,65 W,None,Yes,-23,$70.56 
Intel Core i7-14700F,20,2.1 GHz,5.4 GHz,65 W,None,Yes,0,$369.55 
AMD Ryzen 7 2700X,8,3.7 GHz,4.3 GHz,105 W,None,Yes,-359,$199.00 
AMD Ryzen 5 3600X,6,3.8 GHz,4.4 GHz,95 W,None,Yes,-201,$199.00 
Intel Core i9-9900K,8,3.6 GHz,5 GHz,95 W,Intel UHD Graphics 630,Yes,-211,$405.00 
AMD Ryzen 9 3900X,12,3.8 GHz,4.6 GHz,105 W,None,Yes,-277,$395.00 
Intel Core i5-11400F,6,2.6 GHz,4.4 GHz,65 W,None,Yes,-25,$115.98 
Intel Core i7-10700K,8,3.8 GHz,5.1 GHz,125 W,Intel UHD Graphics 630,Yes,-100,$247.25 
Intel Core i3-14100F,4,3.5 GHz,4.7 GHz,58 W,None,Yes,0,$114.98 
Intel Core i9-12900KF,16,3.2 GHz,5.2 GHz,125 W,None,Yes,-2,$321.89 
Intel Core i3-12100,4,3.3 GHz,4.3 GHz,60 W,Intel UHD Graphics 730,Yes,-14,$116.98 
Intel Core i5-13500,14,2.5 GHz,4.8 GHz,65 W,Intel UHD Graphics 770,Yes,-14,$199.99 
Intel Core i7-12700F,12,2.1 GHz,4.9 GHz,65 W,None,Yes,-9,$249.99 
Intel Core i5-9400F,6,2.9 GHz,4.1 GHz,65 W,None,No,-46,$85.00 
Intel Core i7-7700K,4,4.2 GHz,4.5 GHz,91 W,Intel HD Graphics 630,Yes,-305,$235.00 
Intel Core i3-13100F,4,3.4 GHz,4.5 GHz,58 W,None,Yes,-3,$109.99 
Intel Core i7-6700K,4,4 GHz,4.2 GHz,91 W,Intel HD Graphics 530,Yes,-509,$180.00 
Intel Core i9-13900KS,24,3 GHz,6 GHz,150 W,Intel UHD Graphics 770,Yes,-13,$589.99 
Intel Core i7-11700K,8,3.6 GHz,5 GHz,125 W,Intel UHD Graphics 750,Yes,-37,$234.90 
Intel Core i7-13700F,16,2.1 GHz,5.2 GHz,65 W,None,Yes,-2,$349.98 
AMD Ryzen 7 3800X,8,3.9 GHz,4.5 GHz,105 W,None,Yes,-133,$285.00 
AMD Ryzen 5 3400G,4,3.7 GHz,4.2 GHz,65 W,Radeon Vega 11,Yes,-55,$98.75 
Intel Core i9-11900K,8,3.5 GHz,5.3 GHz,125 W,Intel UHD Graphics 750,Yes,-12,$253.99 
Intel Core i5-9600K,6,3.7 GHz,4.6 GHz,95 W,Intel UHD Graphics 630,No,-146,$136.00 
Intel Core i5-10400,6,2.9 GHz,4.3 GHz,65 W,Intel UHD Graphics 630,Yes,-62,$130.00 
AMD Ryzen 5 2600X,6,3.6 GHz,4.2 GHz,95 W,None,Yes,-229,$185.00 
Intel Core i5-6500,4,3.2 GHz,3.6 GHz,65 W,Intel HD Graphics 530,No,-233,$67.00 
Intel Core i7-8700,6,3.2 GHz,4.6 GHz,65 W,Intel UHD Graphics 630,Yes,-60,$200.00 
Intel Core i9-10900K,10,3.7 GHz,5.3 GHz,125 W,Intel UHD Graphics 630,Yes,-50,$430.00 
AMD Ryzen 5 5500GT,6,3.6 GHz,4.4 GHz,65 W,Radeon Vega 7,Yes,0,$114.99 
Intel Core i7-14700,20,2.1 GHz,5.4 GHz,65 W,Intel UHD Graphics 770,Yes,0,$399.98 
Intel Core i5-13400,10,2.5 GHz,4.6 GHz,65 W,Intel UHD Graphics 730,Yes,-4,$179.99 
Intel Core i5-8400,6,2.8 GHz,4 GHz,65 W,Intel UHD Graphics 630,No,-85,$130.72 
AMD Ryzen 5 5600GT,6,3.6 GHz,4.6 GHz,65 W,Radeon Vega 7,Yes,0,$127.99 
Intel Core i7-12700,12,2.1 GHz,4.9 GHz,65 W,Intel UHD Graphics 770,Yes,-7,$265.48 
Intel Core i7-6700,4,3.4 GHz,4 GHz,65 W,Intel HD Graphics 530,Yes,-42,$130.00 
Intel Core i9-12900KS,16,3.4 GHz,5.5 GHz,150 W,Intel UHD Graphics 770,Yes,-5,$379.93 
Intel Core i3-14100,4,3.5 GHz,4.7 GHz,60 W,Intel UHD Graphics 730,Yes,0,$147.99 
Intel Core i7-10700F,8,2.9 GHz,4.8 GHz,65 W,None,Yes,-8,$218.99 
AMD Ryzen 9 3950X,16,3.5 GHz,4.7 GHz,105 W,None,Yes,-62,$495.00 
Intel Core i5-4690K,4,3.5 GHz,3.9 GHz,88 W,Intel HD Graphics 4600,No,-556,$53.00 
Intel Core i7-7700,4,3.6 GHz,4.2 GHz,65 W,Intel HD Graphics 630,Yes,-34,$167.00 
Intel Core i5-10600K,6,4.1 GHz,4.8 GHz,125 W,Intel UHD Graphics 630,Yes,-72,$185.14 
AMD Threadripper 3960X,24,3.8 GHz,4.5 GHz,280 W,None,Yes,-9,"$1,240.00 "
AMD Ryzen 3 3100,4,3.6 GHz,3.9 GHz,65 W,None,Yes,-62,$170.00 
Intel Core i9-10850K,10,3.6 GHz,5.2 GHz,125 W,Intel UHD Graphics 630,Yes,-58,$279.00 
Intel Core i5-11400,6,2.6 GHz,4.4 GHz,65 W,Intel UHD Graphics 730,Yes,-34,$126.25 
Intel Core i9-11900KF,8,3.5 GHz,5.3 GHz,125 W,None,Yes,-2,$232.00 
Intel Core i5-14400,10,2.5 GHz,4.7 GHz,65 W,Intel UHD Graphics 730,Yes,0,$229.98 
AMD Ryzen 7 2700,8,3.2 GHz,4.1 GHz,65 W,None,Yes,-71,$185.00 
Intel Core i7-11700F,8,2.5 GHz,4.9 GHz,65 W,None,Yes,-2,$249.50 
Intel Core i7-4770,4,3.4 GHz,3.9 GHz,84 W,Intel HD Graphics 4600,Yes,-43,$74.95 
AMD Ryzen 5 1600,6,3.2 GHz,3.6 GHz,65 W,None,Yes,-360,$256.07 
Intel Core i5-12500,6,3 GHz,4.6 GHz,65 W,Intel UHD Graphics 770,Yes,-3,$195.98 
Intel Core i5-10600KF,6,4.1 GHz,4.8 GHz,125 W,None,Yes,-8,$123.00 
Intel Core i7-6950X,10,3 GHz,3.5 GHz,140 W,None,Yes,0,$804.98 
Intel Core i5-11600K,6,3.9 GHz,4.9 GHz,125 W,Intel UHD Graphics 750,Yes,-34,$179.99 
Intel Core i5-6600K,4,3.5 GHz,3.9 GHz,91 W,Intel HD Graphics 530,No,-428,$130.00 
Intel Core i3-10100,4,3.6 GHz,4.3 GHz,65 W,Intel UHD Graphics 630,Yes,-38,$93.74 
Intel Core i7-3770,4,3.4 GHz,,77 W,Intel HD Graphics 4000,Yes,-50,$95.00 
AMD Ryzen 5 1600,6,3.2 GHz,3.6 GHz,65 W,None,Yes,-55,$120.00 
Intel Core i7-13700,16,2.1 GHz,5.2 GHz,65 W,Intel UHD Graphics 770,Yes,-3,$371.99 
Intel Xeon E5-2699 V4,22,2.2 GHz,3.6 GHz,145 W,None,Yes,-1,$245.00 
Intel Core i7-10700,8,2.9 GHz,4.8 GHz,65 W,Intel UHD Graphics 630,Yes,-30,$231.77 
Intel Core i5-8600K,6,3.6 GHz,4.3 GHz,95 W,Intel UHD Graphics 630,No,-143,$139.00 
Intel Core i3-10105F,4,3.7 GHz,4.4 GHz,65 W,None,Yes,-5,$80.47 
AMD Ryzen 3 2200G,4,3.5 GHz,3.7 GHz,65 W,Radeon Vega 8,No,-135,$130.00 
Intel Core i9-14900,24,2 GHz,5.8 GHz,65 W,Intel UHD Graphics 770,Yes,0,$554.99 
Intel Core i9-10900KF,10,3.7 GHz,5.3 GHz,125 W,None,Yes,-9,$255.00 
AMD Athlon 200GE,2,3.2 GHz,,35 W,Radeon Vega 3,Yes,-15,$69.98 
Intel Core i9-9900KF,8,3.6 GHz,5 GHz,95 W,None,Yes,-16,$286.74 
Intel Core i5-7500,4,3.4 GHz,3.8 GHz,65 W,Intel HD Graphics 630,No,-76,$88.99 
Intel Core i5-7400,4,3 GHz,3.5 GHz,65 W,Intel HD Graphics 630,No,-15,$86.79 
AMD Ryzen 9 3950X,16,3.5 GHz,4.7 GHz,105 W,None,Yes,0,"$2,147.03 "
Intel Core i7-9700,8,3 GHz,4.7 GHz,65 W,Intel HD Graphics 630,No,-2,$250.26 
Intel Core i9-14900F,24,2 GHz,5.8 GHz,65 W,None,Yes,0,$528.99 
AMD Ryzen 5 2400G,4,3.6 GHz,3.9 GHz,65 W,Radeon Vega 11,Yes,-80,$135.00 
Intel Core i7-9700F,8,3 GHz,4.7 GHz,65 W,None,No,-2,$279.00 
Intel Core i5-3470,4,3.2 GHz,,77 W,Intel HD Graphics 2500,No,-36,$59.00 
Intel Core i7-4790,4,3.6 GHz,4 GHz,84 W,Intel HD Graphics 4600,Yes,-2,$139.94 
AMD Ryzen 7 1700,8,3 GHz,3.7 GHz,65 W,None,Yes,-170,$195.00 
Intel Core i7-4770K,4,3.5 GHz,3.9 GHz,84 W,Intel HD Graphics 4600,Yes,-467,$135.00 
Intel Core i3-9100F,4,3.6 GHz,4.2 GHz,65 W,None,No,-27,$129.94 
Intel Core i7-10700KF,8,3.8 GHz,5.1 GHz,125 W,None,Yes,-6,$240.00 
Intel Core i7-11700KF,8,3.6 GHz,5 GHz,125 W,None,Yes,-3,$242.54 
Intel Core i7-3770K,4,3.5 GHz,,77 W,Intel HD Graphics 4000,Yes,-219,$175.00 
Intel Core i7-11700,8,2.5 GHz,4.9 GHz,65 W,Intel UHD Graphics 750,Yes,-10,$199.99 
AMD Ryzen 5 1600X,6,3.6 GHz,4 GHz,95 W,None,Yes,-75,$119.99 
Intel Core i9-9900KS,8,4 GHz,5 GHz,127 W,Intel UHD Graphics 630,Yes,-7,"$1,989.00 "
Intel Core i5-4690,4,3.5 GHz,3.9 GHz,84 W,Intel HD Graphics 4600,No,-42,$51.43 
Intel Core i9-13900,24,2 GHz,5.6 GHz,65 W,Intel UHD Graphics 770,Yes,-2,$488.22 
Intel Core i5-7600K,4,3.8 GHz,4.2 GHz,91 W,Intel HD Graphics 630,No,-137,$170.00 
Intel Xeon E5-2680 V4,14,2.4 GHz,3.3 GHz,120 W,None,Yes,-1,"$1,975.00 "
Intel Core i5-8500,6,3 GHz,4.1 GHz,65 W,Intel UHD Graphics 630,No,-8,$166.03 
Intel Core i3-13100,4,3.4 GHz,4.5 GHz,60 W,Intel UHD Graphics 730,Yes,-1,$147.99 
Intel Core i7-9700KF,8,3.6 GHz,4.9 GHz,95 W,None,No,-7,$250.00 
Intel Core i5-4460,4,3.2 GHz,3.4 GHz,84 W,Intel HD Graphics 4600,No,-103,$68.56 
AMD Ryzen 3 1200,4,3.1 GHz,3.4 GHz,65 W,None,No,-70,$105.00 
AMD Ryzen 7 1700X,8,3.4 GHz,3.8 GHz,95 W,None,Yes,-94,$225.00 
Intel Core i9-10980XE,18,3 GHz,4.8 GHz,165 W,None,Yes,0,"$1,200.00 "
Intel Core i5-11600KF,6,3.9 GHz,4.9 GHz,125 W,None,Yes,-4,$155.00 
AMD Ryzen 9 3900XT,12,3.8 GHz,4.7 GHz,105 W,None,Yes,-16,$379.00 
AMD Ryzen 7 3800XT,8,3.9 GHz,4.7 GHz,105 W,None,Yes,-22,$343.99 
AMD Ryzen 3 3300X,4,3.8 GHz,4.3 GHz,65 W,None,Yes,-21,$150.00 
AMD Ryzen 5 1400,4,3.2 GHz,3.4 GHz,65 W,None,Yes,-52,$110.00 
Intel Core i3-7350K,2,4.2 GHz,,60 W,Intel HD Graphics 630,Yes,-2,$51.60 
AMD Threadripper 1900X,8,3.8 GHz,4 GHz,180 W,None,Yes,-6,$109.99 
Intel Core i5-9600KF,6,3.7 GHz,4.6 GHz,95 W,None,No,-10,$180.12 
Intel Core i3-10105,4,3.7 GHz,4.4 GHz,65 W,Intel UHD Graphics 630,Yes,-4,$89.95 
Intel Core i9-10900F,10,2.8 GHz,5.2 GHz,65 W,None,Yes,-4,$250.00 
AMD Ryzen 7 1800X,8,3.6 GHz,4 GHz,95 W,None,Yes,-51,$235.00 
AMD Ryzen 5 1500X,4,3.5 GHz,3.7 GHz,65 W,None,Yes,-50,$195.00 
Intel Core i9-13900F,24,2 GHz,5.6 GHz,65 W,None,Yes,0,$549.99 
Intel Core i5-4670K,4,3.4 GHz,,84 W,Intel HD Graphics 4600,No,-525,$62.00 
AMD Threadripper 2990WX,32,3 GHz,4.2 GHz,250 W,None,Yes,-6,"$2,500.00 "
Intel Core i9-11900F,8,2.5 GHz,5.2 GHz,65 W,None,Yes,0,$210.00 
Intel Core i3-6100,2,3.7 GHz,,51 W,Intel HD Graphics 530,Yes,-161,$100.00 
Intel Core i7-4790K,4,4 GHz,4.4 GHz,88 W,Intel HD Graphics 4600,Yes,-6,$185.00 
Intel Xeon E5-2683 V4,16,2.1 GHz,3 GHz,120 W,None,Yes,0,"$1,998.95 "
Intel Core i7-6800K,6,3.4 GHz,3.6 GHz,140 W,None,Yes,-22,$103.00 
Intel Core i7-8700K,6,3.7 GHz,4.7 GHz,95 W,Intel UHD Graphics 630,Yes,-2,$272.50 
Intel Core i5-10500,6,3.1 GHz,4.5 GHz,65 W,Intel UHD Graphics 630,Yes,0,$238.99 
AMD Athlon II X2 240,2,2.8 GHz,,65 W,None,No,0,$29.48 
AMD Threadripper 1920X,12,3.5 GHz,4 GHz,180 W,None,Yes,-8,$270.00 
Intel Core i5-7600,4,3.5 GHz,4.1 GHz,65 W,Intel HD Graphics 630,No,-21,$89.00 
Intel Core i7-6900K,8,3.2 GHz,3.7 GHz,140 W,None,Yes,-6,$120.00 
Intel Core i9-9900K,8,3.6 GHz,5 GHz,95 W,Intel UHD Graphics 630,Yes,-2,$699.99 
AMD Athlon X4 845,4,3.5 GHz,3.8 GHz,65 W,None,No,-4,$50.00 
Intel Pentium Gold G7400,2,3.7 GHz,,46 W,Intel UHD Graphics 710,Yes,0,$102.75 
Intel Pentium G640,2,2.8 GHz,,65 W,Intel HD Graphics,No,-1,$30.00 
Intel Core i5-11600,6,2.8 GHz,4.8 GHz,65 W,Intel UHD Graphics 750,Yes,-2,$140.00 
Intel Core i5-9500,6,3 GHz,4.4 GHz,65 W,Intel UHD Graphics 630,No,-1,$160.74 
Intel Core i7-4930K,6,3.4 GHz,3.9 GHz,130 W,None,Yes,-45,$100.00 
Intel Core i9-12900F,16,2.4 GHz,5.1 GHz,65 W,None,Yes,0,$432.99 
Intel Core i5-12600,6,3.3 GHz,4.8 GHz,65 W,Intel UHD Graphics 770,Yes,-3,$332.21 
AMD Threadripper 1950X,16,3.4 GHz,4 GHz,180 W,None,Yes,-18,$576.53 
Intel Core i9-12900,16,2.4 GHz,5.1 GHz,65 W,Intel UHD Graphics 770,Yes,0,$458.00 
Intel Celeron G4930,2,3.2 GHz,,54 W,Intel UHD Graphics 610,No,0,$48.75 
Intel Core 2 Duo E8400,2,3 GHz,,65 W,None,No,-4,$27.55 
Intel Xeon E5-2640 V3,8,2.6 GHz,3.4 GHz,90 W,None,Yes,-1,$67.15 
Intel Core i9-10900X,10,3.7 GHz,4.7 GHz,165 W,None,Yes,-1,$615.00 
Intel Core i9-7960X,16,2.8 GHz,4.4 GHz,165 W,None,Yes,0,$347.48 
Intel Core i5-7500T,4,2.7 GHz,3.3 GHz,35 W,Intel HD Graphics 630,No,0,$64.95 
Intel Celeron 420,1,1.6 GHz,,35 W,None,No,0,$75.44 
Intel Core i9-10900,10,2.8 GHz,5.2 GHz,65 W,Intel UHD Graphics 630,Yes,-3,$276.33 
AMD 2650,2,1.45 GHz,,25 W,Radeon HD 8240,No,-2,$84.56 
Intel Xeon E5-2650 V4,12,2.2 GHz,2.9 GHz,105 W,None,Yes,0,$79.00 
AMD Threadripper 2950X,16,3.5 GHz,4.4 GHz,180 W,None,Yes,-6,"$1,075.00 "
Intel Core i7-8086K,6,4 GHz,5 GHz,95 W,Intel UHD Graphics 630,Yes,-18,$450.01 
Intel Core i9-9900,8,3.1 GHz,5 GHz,65 W,Intel UHD Graphics 630,Yes,-3,$464.15 
Intel Core i5-11500,6,2.7 GHz,4.6 GHz,65 W,Intel UHD Graphics 750,Yes,-9,$147.47 
Intel Core i7-8700,6,3.2 GHz,4.6 GHz,65 W,Intel UHD Graphics 630,Yes,-2,$611.05 
Intel Core i3-9100,4,3.6 GHz,4.2 GHz,65 W,Intel UHD Graphics 630,No,-7,$144.82 
Intel Core i9-7900X,10,3.3 GHz,4.5 GHz,140 W,None,Yes,-8,$400.00 
Intel Pentium E5700,2,3 GHz,,65 W,None,No,0,$19.98 
Intel Core i7-7700,4,3.6 GHz,4.2 GHz,65 W,Intel HD Graphics 630,Yes,-1,$329.95 
AMD FX-8320,8,3.5 GHz,,125 W,None,No,-248,$175.00 
Intel Core i7-7740X,4,4.3 GHz,4.5 GHz,112 W,None,Yes,-1,$234.00 
Intel Core i5-8400,6,2.8 GHz,4 GHz,65 W,Intel UHD Graphics 630,No,-1,$249.95 
Intel Core i5-8600,6,3.1 GHz,4.3 GHz,65 W,Intel UHD Graphics 630,No,-4,$190.00 
Intel Core i9-10940X,14,3.3 GHz,4.8 GHz,165 W,None,Yes,0,$780.00 
Intel Core i9-11900,8,2.5 GHz,5.2 GHz,65 W,Intel UHD Graphics 750,Yes,-2,$260.00 
Intel Xeon E5-1650 V4,6,3.6 GHz,4 GHz,140 W,None,Yes,0,$84.94 
Intel Core i7-7800X,6,3.5 GHz,4 GHz,140 W,None,Yes,-12,$479.99 
Intel Xeon E5-2667 V3,8,3.2 GHz,3.6 GHz,135 W,None,Yes,-1,"$1,008.93 "
Intel Core i5-4440,4,3.1 GHz,3.3 GHz,84 W,Intel HD Graphics 4600,No,-39,$100.00 
Intel Pentium Gold G6400,2,4 GHz,,58 W,Intel UHD Graphics 610,Yes,-2,$74.99 
Intel Core i9-9900K,8,3.6 GHz,5 GHz,95 W,Intel UHD Graphics 630,Yes,-9,$400.00 
Intel Core i3-2100,2,3.1 GHz,,65 W,Intel HD Graphics 2000,Yes,-12,$49.00 
Intel Xeon E5-2683 V4,16,2.1 GHz,3 GHz,120 W,None,Yes,0,$189.95 
AMD Ryzen 3 1200,4,3.1 GHz,3.4 GHz,65 W,None,No,-4,$105.00 
AMD FX-9590,8,4.7 GHz,5 GHz,220 W,None,No,-29,$302.58 
AMD Threadripper 2920X,12,3.5 GHz,4.3 GHz,180 W,None,Yes,-1,$708.59 
Intel Core i7-6850K,6,3.6 GHz,3.8 GHz,140 W,None,Yes,-24,$105.00 
Intel Pentium G4560,2,3.5 GHz,,54 W,Intel HD Graphics 610,Yes,-91,$133.41 
AMD Threadripper 2970WX,24,3 GHz,4.2 GHz,250 W,None,Yes,0,$999.00 
Intel Celeron G3900,2,2.8 GHz,,51 W,Intel HD Graphics 510,No,0,$39.90 
Intel Core i7-4820K,4,3.7 GHz,3.9 GHz,130 W,None,Yes,-26,$205.86 
AMD A4-6300,2,3.7 GHz,3.9 GHz,65 W,Radeon HD 8370D,No,-5,$46.79 
Intel Core i9-7980XE,18,2.6 GHz,4.4 GHz,165 W,None,Yes,-1,$999.95 
AMD FX-8370,8,4 GHz,4.3 GHz,125 W,None,No,-17,$276.99 
Intel Core i3-7100T,2,3.4 GHz,,35 W,Intel HD Graphics 630,Yes,0,$41.13 
Intel Xeon E5-1650 V3,6,3.5 GHz,3.8 GHz,140 W,None,Yes,0,$54.46 
Intel Core i7-6700,4,3.4 GHz,4 GHz,65 W,Intel HD Graphics 530,Yes,0,$354.99 
Intel Core i9-9980XE,18,3 GHz,4.4 GHz,165 W,None,Yes,0,"$1,498.95 "
Intel Xeon E5-2630 V3,8,2.4 GHz,3.2 GHz,85 W,None,Yes,-1,$169.95 
Intel Core i9-10920X,12,3.5 GHz,4.8 GHz,165 W,None,Yes,-1,$799.00 
Intel Core i7-9700F,8,3 GHz,4.7 GHz,65 W,None,No,0,$395.34 
AMD FX-6350,6,3.9 GHz,,125 W,None,No,-49,$100.00 
Intel Core i5-10600,6,3.3 GHz,4.8 GHz,65 W,Intel UHD Graphics 630,Yes,-3,$349.95 
Intel Core i5-9400,6,2.9 GHz,4.1 GHz,65 W,Intel UHD Graphics 630,No,0,$110.00 
Intel Xeon E5-2690 V4,14,2.6 GHz,3.5 GHz,135 W,None,Yes,-1,"$1,025.58 "
Intel Xeon E5-2687W V4,12,3 GHz,3.5 GHz,160 W,None,Yes,0,"$1,900.16 "
Intel Core i7-870,4,2.93 GHz,,95 W,None,Yes,-3,$100.00 
Intel Core i7-9700,8,3 GHz,4.7 GHz,65 W,Intel HD Graphics 630,No,0,$299.80 
AMD FX-6120,6,3.5 GHz,4.1 GHz,95 W,None,No,0,$58.53 
Intel Core i7-4960X Extreme Edition,6,3.6 GHz,4 GHz,130 W,None,Yes,-7,$775.04 
Intel Xeon E5-2695 V2,12,2.4 GHz,3.2 GHz,115 W,None,Yes,0,$189.00 
Intel Xeon E5-2698 V4,20,2.2 GHz,3.6 GHz,135 W,None,Yes,0,
Intel Core i7-980X Extreme Edition,6,3.33 GHz,,130 W,None,Yes,-3,$153.64 
Intel Core i9-7920X,12,2.9 GHz,4.4 GHz,140 W,None,Yes,0,$556.54 
AMD A6-9500,2,3.5 GHz,3.8 GHz,65 W,Radeon R5 (on die),No,-3,$67.50 
AMD A10-7850K,4,3.7 GHz,4 GHz,95 W,Radeon R7 (on-die),No,-52,$139.84 
Intel Core i3-10300,4,3.7 GHz,4.4 GHz,65 W,Intel UHD Graphics 630,Yes,-1,$199.06 
Intel Core 2 Quad Q9550,4,2.83 GHz,,95 W,None,No,-1,$52.55 
Intel Xeon E5-2630 V4,10,2.2 GHz,3.1 GHz,85 W,None,Yes,0,$335.07 
Intel Xeon E5-2650 V2,8,2.6 GHz,3.4 GHz,95 W,None,Yes,-2,$185.00 
Intel Core i7-8700T,6,2.4 GHz,4 GHz,35 W,Intel UHD Graphics 630,Yes,0,$304.38 
Intel Xeon E5-2670 V3,12,2.3 GHz,3.1 GHz,120 W,None,Yes,-1,
Intel Core i7-6950X,10,3 GHz,3.5 GHz,140 W,None,Yes,-4,$506.35 
Intel Core i5-3350P,4,3.1 GHz,,69 W,None,No,-12,
Intel Core i9-9980XE,18,3 GHz,4.4 GHz,165 W,None,Yes,0,"$1,097.00 "
Intel Core i5-6402P,4,2.8 GHz,3.4 GHz,65 W,Intel HD Graphics 510,No,-2,$80.00 
AMD Athlon II X4 640,4,3 GHz,,95 W,None,No,-1,$57.01 
Intel Core i9-9960X,16,3.1 GHz,4.4 GHz,165 W,None,Yes,0,$998.95 
Intel Xeon E5-2660 V4,14,2 GHz,3.2 GHz,105 W,None,Yes,-1,$399.00 
Intel Core i5-9600,6,3.1 GHz,4.6 GHz,65 W,Intel UHD Graphics 630,No,0,$195.00 
Intel Core i7-7700T,4,2.9 GHz,3.8 GHz,35 W,Intel HD Graphics 630,Yes,-1,$489.95 
Intel Core i3-9350KF,4,4 GHz,4.6 GHz,91 W,None,No,-1,$206.00 
Intel Xeon E5-1620 V3,4,3.5 GHz,3.6 GHz,140 W,None,Yes,-1,$69.02 
Intel Core i5-2400S,4,2.5 GHz,,65 W,Intel HD Graphics 2000,No,0,$70.00 
Intel Core i7-10700K Avengers Collector's Edition,8,3.8 GHz,5.1 GHz,125 W,Intel UHD Graphics 630,Yes,0,$741.00 
Intel Core i7-7800X,6,3.5 GHz,4 GHz,140 W,None,Yes,0,$329.95 
Intel Core i7-950,4,3.06 GHz,,130 W,None,Yes,-5,$100.00 
AMD FX-9370,8,4.4 GHz,4.7 GHz,220 W,None,No,-9,$198.50 
Intel Xeon E5-1660 V2,6,3.7 GHz,4 GHz,130 W,None,Yes,-1,"$1,129.00 "
Intel Core i7-5820K,6,3.3 GHz,3.6 GHz,140 W,None,Yes,0,$429.95 
Intel Xeon E3-1230 V2,4,3.3 GHz,,69 W,None,Yes,-6,$271.85 
Intel Xeon E-2176G,6,3.7 GHz,4.7 GHz,80 W,Intel HD Graphics P630,Yes,0,$643.62 
Intel Core i9-7900X,10,3.3 GHz,4.5 GHz,140 W,None,Yes,0,$898.95 
Intel Xeon E5-4620,8,2.2 GHz,2.6 GHz,95 W,None,Yes,0,$58.47 
Intel Xeon E5-1630 V4,4,3.7 GHz,4 GHz,140 W,None,Yes,0,$229.95 
Intel Core i7-4770K,4,3.5 GHz,3.9 GHz,84 W,Intel HD Graphics 4600,Yes,-4,$231.05 
Intel Core i3-6300,2,3.8 GHz,,51 W,Intel HD Graphics 530,Yes,-3,$91.64 
Intel Core i9-9900X,10,3.5 GHz,4.4 GHz,165 W,None,Yes,0,$655.06 
Intel Xeon E5-1660 V3,8,3 GHz,3.5 GHz,140 W,None,Yes,-1,$204.44 
Intel Xeon E5-2620 V4,8,2.1 GHz,3 GHz,85 W,None,Yes,-3,$429.95 
Intel Core i5-8400T,6,1.7 GHz,3.3 GHz,35 W,Intel UHD Graphics 630,No,0,$139.00 
Intel Core i5-7400,4,3 GHz,3.5 GHz,65 W,Intel HD Graphics 630,No,0,$110.00 
